<?xml version="1.0" encoding="UTF-8"?>
<project-private xmlns="http://www.netbeans.org/ns/project-private/1">
    <editor-bookmarks xmlns="http://www.netbeans.org/ns/editor-bookmarks/1"/>
    <editor-bookmarks xmlns="http://www.netbeans.org/ns/editor-bookmarks/2" lastBookmarkId="0"/>
    <open-files xmlns="http://www.netbeans.org/ns/projectui-open-files/2">
        <group>
            <file>file:/Users/shai/dev/MyRestaurant/src/com/myrestaurant/app/ui/MainMenuForm.java</file>
            <file>file:/Users/shai/dev/MyRestaurant/src/com/myrestaurant/app/model/Menu.java</file>
            <file>file:/Users/shai/dev/MyRestaurant/src/settings.properties</file>
            <file>file:/Users/shai/dev/MyRestaurant/src/com/myrestaurant/app/model/Restaurant.java</file>
            <file>file:/Users/shai/dev/MyRestaurant/src/com/myrestaurant/app/ui/DishViewForm.java</file>
            <file>file:/Users/shai/dev/MyRestaurant/src/com/myrestaurant/app/model/Dish.java</file>
            <file>file:/Users/shai/dev/MyRestaurant/src/com/myrestaurant/app/ui/BaseForm.java</file>
            <file>file:/Users/shai/dev/MyRestaurant/src/com/myrestaurant/app/ui/ContactUsForm.java</file>
            <file>file:/Users/shai/dev/MyRestaurant/src/com/myrestaurant/app/model/Order.java</file>
            <file>file:/Users/shai/dev/MyRestaurant/src/com/myrestaurant/app/ui/CheckoutForm.java</file>
        </group>
    </open-files>
</project-private>
